<?xml version="1.0" encoding="UTF-8"?>
<root>
  <item name="com.facebook.fbui.textlayoutbuilder.TextLayoutBuilder com.facebook.fbui.textlayoutbuilder.TextLayoutBuilder setWidth(int, int) 1">
    <annotation name="android.support.annotation.IntDef">
      <val name="value" val="{com.facebook.fbui.textlayoutbuilder.TextLayoutBuilder.MEASURE_MODE_UNSPECIFIED, com.facebook.fbui.textlayoutbuilder.TextLayoutBuilder.MEASURE_MODE_EXACTLY, com.facebook.fbui.textlayoutbuilder.TextLayoutBuilder.MEASURE_MODE_AT_MOST}" />
    </annotation>
  </item>
  <item name="com.facebook.fbui.textlayoutbuilder.TextLayoutBuilder.Params measureMode">
    <annotation name="android.support.annotation.IntDef">
      <val name="value" val="{com.facebook.fbui.textlayoutbuilder.TextLayoutBuilder.MEASURE_MODE_UNSPECIFIED, com.facebook.fbui.textlayoutbuilder.TextLayoutBuilder.MEASURE_MODE_EXACTLY, com.facebook.fbui.textlayoutbuilder.TextLayoutBuilder.MEASURE_MODE_AT_MOST}" />
    </annotation>
  </item>
</root>

